rank_test_score,mean_test_score,mean_train_score,param_svc__C,param_svc__gamma,mean_fit_time
1,0.8117031741764065,0.836309521181723,100,0.01,6.129670858383179
2,0.7796783473125025,0.9483568609670712,100,0.1,10.778063869476318
3,0.7781688430590042,0.8760688731802986,10,0.1,5.927431344985962
4,0.772132231869694,0.7851064975171236,10,0.01,5.994604444503784
5,0.7520950829524427,0.7594106153192074,100,0.001,5.728432846069336
