rank_test_score,mean_test_score,mean_train_score,param_svc__C,param_svc__gamma,mean_fit_time
1,0.8117870316187545,0.8363514389182803,100,0.01,1.5198188304901123
2,0.7796783473125025,0.9483568609670712,100,0.1,2.9568460464477537
3,0.7781688430590042,0.8760688731802986,10,0.1,1.6152624130249023
4,0.772132231869694,0.785127455287217,10,0.01,1.5426263332366943
5,0.7520950829524427,0.7593686953862793,100,0.001,1.7068973064422608
